Date,Rate_1Y,Rate_5Y,Rate_10Y
2018-01-01,,,
2018-01-02,1.83,2.25,2.46
2018-01-03,1.81,2.25,2.44
2018-01-04,1.82,2.27,2.46
2018-01-05,1.8,2.29,2.47
2018-01-08,1.79,2.29,2.49
2018-01-09,1.78,2.33,2.55
2018-01-10,1.78,2.32,2.55
2018-01-11,1.77,2.32,2.54
2018-01-12,1.78,2.35,2.55
2018-01-15,,,
2018-01-16,1.79,2.36,2.54
2018-01-17,1.79,2.39,2.57
2018-01-18,1.79,2.43,2.62
2018-01-19,1.79,2.45,2.64
2018-01-22,1.79,2.46,2.66
2018-01-23,1.78,2.43,2.63
2018-01-24,1.79,2.43,2.65
2018-01-25,1.8,2.41,2.63
2018-01-26,1.8,2.47,2.66
2018-01-29,1.8,2.49,2.7
2018-01-30,1.88,2.51,2.73
2018-01-31,1.9,2.52,2.72
2018-02-01,1.89,2.56,2.78
2018-02-02,1.88,2.58,2.84
2018-02-05,1.85,2.5,2.77
2018-02-06,1.87,2.52,2.79
2018-02-07,1.91,2.57,2.84
2018-02-08,1.91,2.57,2.85
2018-02-09,1.89,2.52,2.83
2018-02-12,1.93,2.56,2.86
2018-02-13,1.95,2.54,2.83
2018-02-14,1.98,2.65,2.91
2018-02-15,1.99,2.65,2.9
2018-02-16,2.0,2.63,2.87
2018-02-19,,,
2018-02-20,2.01,2.65,2.88
2018-02-21,2.03,2.69,2.94
2018-02-22,2.02,2.66,2.92
2018-02-23,2.02,2.62,2.88
2018-02-26,2.03,2.6,2.86
2018-02-27,2.08,2.67,2.9
2018-02-28,2.07,2.65,2.87
2018-03-01,2.05,2.58,2.81
2018-03-02,2.06,2.63,2.86
2018-03-05,2.06,2.65,2.88
2018-03-06,2.06,2.65,2.88
2018-03-07,2.05,2.65,2.89
2018-03-08,2.05,2.63,2.86
2018-03-09,2.03,2.65,2.9
2018-03-12,2.05,2.64,2.87
2018-03-13,2.03,2.62,2.84
2018-03-14,2.05,2.61,2.81
2018-03-15,2.07,2.62,2.82
2018-03-16,2.08,2.65,2.85
2018-03-19,2.08,2.65,2.85
2018-03-20,2.08,2.69,2.89
2018-03-21,2.06,2.69,2.89
2018-03-22,2.05,2.63,2.83
2018-03-23,2.04,2.61,2.82
2018-03-26,2.06,2.64,2.85
2018-03-27,2.1,2.58,2.78
2018-03-28,2.12,2.59,2.77
2018-03-29,2.09,2.56,2.74
2018-03-30,,,
2018-04-02,2.08,2.55,2.73
2018-04-03,2.09,2.6,2.79
2018-04-04,2.07,2.61,2.79
2018-04-05,2.07,2.64,2.83
2018-04-06,2.06,2.58,2.77
2018-04-09,2.08,2.6,2.78
2018-04-10,2.09,2.62,2.8
2018-04-11,2.09,2.62,2.79
2018-04-12,2.11,2.67,2.83
2018-04-13,2.12,2.67,2.82
2018-04-16,2.12,2.69,2.83
2018-04-17,2.16,2.68,2.82
2018-04-18,2.17,2.73,2.87
2018-04-19,2.21,2.77,2.92
2018-04-20,2.22,2.8,2.96
2018-04-23,2.25,2.83,2.98
2018-04-24,2.25,2.83,3.0
2018-04-25,2.26,2.84,3.03
2018-04-26,2.25,2.82,3.0
2018-04-27,2.24,2.8,2.96
2018-04-30,2.24,2.79,2.95
2018-05-01,2.26,2.82,2.97
2018-05-02,2.24,2.8,2.97
2018-05-03,2.24,2.78,2.94
2018-05-04,2.24,2.78,2.95
2018-05-07,2.25,2.78,2.95
2018-05-08,2.26,2.81,2.97
2018-05-09,2.27,2.84,3.0
2018-05-10,2.27,2.83,2.97
2018-05-11,2.28,2.84,2.97
2018-05-14,2.28,2.85,3.0
2018-05-15,2.31,2.92,3.08
2018-05-16,2.32,2.94,3.09
2018-05-17,2.32,2.94,3.11
2018-05-18,2.32,2.9,3.06
2018-05-21,2.35,2.9,3.06
2018-05-22,2.34,2.9,3.06
2018-05-23,2.29,2.83,3.01
2018-05-24,2.28,2.82,2.98
2018-05-25,2.27,2.76,2.93
2018-05-28,,,
2018-05-29,2.17,2.58,2.77
2018-05-30,2.23,2.67,2.84
2018-05-31,2.23,2.68,2.83
2018-06-01,2.28,2.74,2.89
2018-06-04,2.3,2.78,2.94
2018-06-05,2.32,2.76,2.92
2018-06-06,2.32,2.81,2.97
2018-06-07,2.31,2.77,2.93
2018-06-08,2.3,2.77,2.93
2018-06-11,2.32,2.8,2.96
2018-06-12,2.31,2.81,2.96
2018-06-13,2.35,2.85,2.98
2018-06-14,2.35,2.81,2.94
2018-06-15,2.35,2.81,2.93
2018-06-18,2.35,2.8,2.92
2018-06-19,2.34,2.77,2.89
2018-06-20,2.36,2.8,2.93
2018-06-21,2.34,2.77,2.9
2018-06-22,2.33,2.77,2.9
2018-06-25,2.34,2.75,2.87
2018-06-26,2.33,2.75,2.88
2018-06-27,2.33,2.71,2.83
2018-06-28,2.33,2.73,2.84
2018-06-29,2.33,2.73,2.85
2018-07-02,2.34,2.75,2.87
2018-07-03,2.33,2.72,2.83
2018-07-04,,,
2018-07-05,2.32,2.74,2.84
2018-07-06,2.34,2.71,2.82
2018-07-09,2.34,2.75,2.86
2018-07-10,2.36,2.77,2.87
2018-07-11,2.36,2.74,2.85
2018-07-12,2.39,2.75,2.85
2018-07-13,2.37,2.73,2.83
2018-07-16,2.39,2.75,2.85
2018-07-17,2.39,2.76,2.86
2018-07-18,2.43,2.77,2.88
2018-07-19,2.4,2.74,2.84
2018-07-20,2.41,2.77,2.89
2018-07-23,2.42,2.83,2.96
2018-07-24,2.42,2.83,2.95
2018-07-25,2.42,2.82,2.94
2018-07-26,2.41,2.86,2.98
2018-07-27,2.43,2.84,2.96
2018-07-30,2.43,2.85,2.98
2018-07-31,2.44,2.85,2.96
2018-08-01,2.45,2.87,3.0
2018-08-02,2.45,2.85,2.98
2018-08-03,2.43,2.82,2.95
2018-08-06,2.44,2.8,2.94
2018-08-07,2.45,2.84,2.98
2018-08-08,2.44,2.83,2.96
2018-08-09,2.44,2.8,2.93
2018-08-10,2.42,2.75,2.87
2018-08-13,2.42,2.75,2.88
2018-08-14,2.44,2.77,2.89
2018-08-15,2.45,2.73,2.86
2018-08-16,2.45,2.75,2.87
2018-08-17,2.44,2.75,2.87
2018-08-20,2.43,2.7,2.82
2018-08-21,2.45,2.73,2.85
2018-08-22,2.43,2.7,2.82
2018-08-23,2.43,2.72,2.82
2018-08-24,2.44,2.72,2.82
2018-08-27,2.47,2.74,2.85
2018-08-28,2.47,2.77,2.88
2018-08-29,2.48,2.78,2.89
2018-08-30,2.47,2.75,2.86
2018-08-31,2.46,2.74,2.86
2018-09-03,,,
2018-09-04,2.49,2.78,2.9
2018-09-05,2.49,2.77,2.9
2018-09-06,2.5,2.76,2.88
2018-09-07,2.53,2.82,2.94
2018-09-10,2.54,2.83,2.94
2018-09-11,2.55,2.87,2.98
2018-09-12,2.56,2.87,2.97
2018-09-13,2.55,2.87,2.97
2018-09-14,2.56,2.9,2.99
2018-09-17,2.57,2.89,2.99
2018-09-18,2.58,2.94,3.05
2018-09-19,2.58,2.96,3.08
2018-09-20,2.58,2.96,3.07
2018-09-21,2.58,2.95,3.07
2018-09-24,2.6,2.96,3.08
2018-09-25,2.59,2.99,3.1
2018-09-26,2.58,2.96,3.06
2018-09-27,2.58,2.96,3.06
2018-09-28,2.59,2.94,3.05
2018-10-01,2.6,2.96,3.09
2018-10-02,2.61,2.94,3.05
2018-10-03,2.62,3.02,3.15
2018-10-04,2.63,3.05,3.19
2018-10-05,2.64,3.07,3.23
2018-10-08,,,
2018-10-09,2.65,3.05,3.21
2018-10-10,2.67,3.05,3.22
2018-10-11,2.66,3.0,3.14
2018-10-12,2.66,3.0,3.15
2018-10-15,2.67,3.01,3.16
2018-10-16,2.66,3.02,3.16
2018-10-17,2.66,3.04,3.19
2018-10-18,2.67,3.03,3.17
2018-10-19,2.67,3.05,3.2
2018-10-22,2.68,3.05,3.2
2018-10-23,2.67,3.01,3.17
2018-10-24,2.64,2.94,3.1
2018-10-25,2.66,2.98,3.14
2018-10-26,2.63,2.91,3.08
2018-10-29,2.64,2.91,3.08
2018-10-30,2.66,2.94,3.12
2018-10-31,2.69,2.98,3.15
2018-11-01,2.67,2.96,3.14
2018-11-02,2.7,3.04,3.22
2018-11-05,2.71,3.03,3.2
2018-11-06,2.72,3.05,3.22
2018-11-07,2.74,3.07,3.22
2018-11-08,2.74,3.09,3.24
2018-11-09,2.73,3.05,3.19
2018-11-12,,,
2018-11-13,2.72,2.99,3.14
2018-11-14,2.71,2.95,3.12
2018-11-15,2.7,2.94,3.11
2018-11-16,2.68,2.9,3.08
2018-11-19,2.66,2.87,3.06
2018-11-20,2.67,2.88,3.06
2018-11-21,2.67,2.89,3.06
2018-11-22,,,
2018-11-23,2.67,2.88,3.05
2018-11-26,2.7,2.9,3.07
2018-11-27,2.7,2.89,3.06
2018-11-28,2.69,2.87,3.06
2018-11-29,2.69,2.85,3.03
2018-11-30,2.7,2.84,3.01
2018-12-03,2.72,2.83,2.98
2018-12-04,2.71,2.79,2.91
2018-12-05,,,
2018-12-06,2.7,2.75,2.87
2018-12-07,2.68,2.7,2.85
2018-12-10,2.69,2.71,2.85
2018-12-11,2.7,2.75,2.89
2018-12-12,2.7,2.77,2.91
2018-12-13,2.69,2.75,2.91
2018-12-14,2.68,2.73,2.89
2018-12-17,2.66,2.69,2.86
2018-12-18,2.64,2.65,2.82
2018-12-19,2.62,2.62,2.77
2018-12-20,2.64,2.65,2.79
2018-12-21,2.62,2.64,2.79
2018-12-24,2.61,2.58,2.74
2018-12-25,,,
2018-12-26,2.61,2.67,2.81
2018-12-27,2.58,2.6,2.77
2018-12-28,2.57,2.56,2.72
2018-12-31,2.63,2.51,2.69
2019-01-01,,,
2019-01-02,2.6,2.49,2.66
2019-01-03,2.5,2.37,2.56
2019-01-04,2.57,2.49,2.67
2019-01-07,2.58,2.53,2.7
2019-01-08,2.6,2.58,2.73
2019-01-09,2.59,2.57,2.74
2019-01-10,2.59,2.56,2.74
2019-01-11,2.58,2.52,2.71
2019-01-14,2.57,2.53,2.71
2019-01-15,2.57,2.53,2.72
2019-01-16,2.57,2.54,2.73
2019-01-17,2.57,2.58,2.75
2019-01-18,2.6,2.62,2.79
2019-01-21,,,
2019-01-22,2.59,2.57,2.74
2019-01-23,2.59,2.59,2.76
2019-01-24,2.58,2.55,2.72
2019-01-25,2.6,2.59,2.76
2019-01-28,2.6,2.58,2.75
2019-01-29,2.6,2.55,2.72
2019-01-30,2.57,2.49,2.7
2019-01-31,2.55,2.43,2.63
2019-02-01,2.56,2.51,2.7
2019-02-04,2.57,2.53,2.73
2019-02-05,2.56,2.51,2.71
2019-02-06,2.56,2.5,2.7
2019-02-07,2.55,2.46,2.65
2019-02-08,2.54,2.44,2.63
2019-02-11,2.55,2.47,2.65
2019-02-12,2.55,2.49,2.68
2019-02-13,2.55,2.53,2.71
2019-02-14,2.53,2.48,2.66
2019-02-15,2.55,2.49,2.66
2019-02-18,,,
2019-02-19,2.54,2.47,2.65
2019-02-20,2.54,2.47,2.65
2019-02-21,2.55,2.51,2.69
2019-02-22,2.55,2.47,2.65
2019-02-25,2.56,2.48,2.67
2019-02-26,2.55,2.45,2.64
2019-02-27,2.54,2.49,2.69
2019-02-28,2.54,2.52,2.73
2019-03-01,2.55,2.56,2.76
2019-03-04,2.54,2.53,2.72
2019-03-05,2.54,2.53,2.72
2019-03-06,2.54,2.49,2.69
2019-03-07,2.52,2.44,2.64
2019-03-08,2.53,2.42,2.62
2019-03-11,2.53,2.44,2.64
2019-03-12,2.52,2.41,2.61
2019-03-13,2.53,2.42,2.61
2019-03-14,2.52,2.43,2.63
2019-03-15,2.52,2.4,2.59
2019-03-18,2.52,2.42,2.6
2019-03-19,2.5,2.42,2.61
2019-03-20,2.47,2.34,2.54
2019-03-21,2.48,2.34,2.54
2019-03-22,2.45,2.24,2.44
2019-03-25,2.41,2.21,2.43
2019-03-26,2.44,2.18,2.41
2019-03-27,2.4,2.18,2.39
2019-03-28,2.4,2.2,2.39
2019-03-29,2.4,2.23,2.41
2019-04-01,2.41,2.31,2.49
2019-04-02,2.41,2.28,2.48
2019-04-03,2.41,2.32,2.52
2019-04-04,2.41,2.32,2.51
2019-04-05,2.43,2.31,2.5
2019-04-08,2.43,2.33,2.52
2019-04-09,2.42,2.31,2.51
2019-04-10,2.41,2.28,2.48
2019-04-11,2.44,2.31,2.51
2019-04-12,2.44,2.38,2.56
2019-04-15,2.43,2.37,2.55
2019-04-16,2.45,2.41,2.6
2019-04-17,2.44,2.4,2.59
2019-04-18,2.44,2.38,2.57
2019-04-19,,,
2019-04-22,2.46,2.39,2.59
2019-04-23,2.43,2.36,2.57
2019-04-24,2.42,2.32,2.53
2019-04-25,2.42,2.33,2.54
2019-04-26,2.41,2.29,2.51
2019-04-29,2.42,2.32,2.54
2019-04-30,2.39,2.28,2.51
2019-05-01,2.39,2.31,2.52
2019-05-02,2.41,2.34,2.55
2019-05-03,2.41,2.33,2.54
2019-05-06,2.39,2.3,2.51
2019-05-07,2.37,2.25,2.45
2019-05-08,2.37,2.28,2.49
2019-05-09,2.36,2.25,2.45
2019-05-10,2.36,2.26,2.47
2019-05-13,2.32,2.18,2.4
2019-05-14,2.32,2.2,2.42
2019-05-15,2.3,2.15,2.37
2019-05-16,2.33,2.18,2.4
2019-05-17,2.33,2.17,2.39
2019-05-20,2.34,2.21,2.41
2019-05-21,2.36,2.23,2.43
2019-05-22,2.37,2.19,2.39
2019-05-23,2.32,2.11,2.31
2019-05-24,2.33,2.12,2.32
2019-05-27,,,
2019-05-28,2.31,2.06,2.26
2019-05-29,2.3,2.05,2.25
2019-05-30,2.29,2.03,2.22
2019-05-31,2.21,1.93,2.14
2019-06-03,2.11,1.83,2.07
2019-06-04,2.11,1.89,2.12
2019-06-05,2.04,1.86,2.12
2019-06-06,2.02,1.88,2.12
2019-06-07,1.97,1.85,2.09
2019-06-10,2.03,1.91,2.15
2019-06-11,2.05,1.92,2.15
2019-06-12,2.02,1.88,2.13
2019-06-13,2.0,1.84,2.1
2019-06-14,2.0,1.85,2.09
2019-06-17,2.03,1.85,2.09
2019-06-18,2.04,1.83,2.06
2019-06-19,1.96,1.77,2.03
2019-06-20,1.91,1.74,2.01
2019-06-21,1.95,1.8,2.07
2019-06-24,1.92,1.75,2.02
2019-06-25,1.93,1.73,2.0
2019-06-26,1.96,1.8,2.05
2019-06-27,1.93,1.76,2.01
2019-06-28,1.92,1.76,2.0
2019-07-01,1.94,1.79,2.03
2019-07-02,1.91,1.75,1.98
2019-07-03,1.91,1.74,1.96
2019-07-04,,,
2019-07-05,1.98,1.84,2.04
2019-07-08,1.99,1.86,2.05
2019-07-09,2.0,1.88,2.07
2019-07-10,1.93,1.82,2.07
2019-07-11,1.97,1.88,2.13
2019-07-12,1.96,1.86,2.12
2019-07-15,1.95,1.84,2.09
2019-07-16,2.0,1.88,2.13
2019-07-17,1.95,1.83,2.06
2019-07-18,1.9,1.78,2.04
2019-07-19,1.94,1.8,2.05
2019-07-22,1.95,1.8,2.05
2019-07-23,1.97,1.83,2.08
2019-07-24,1.98,1.82,2.05
2019-07-25,1.99,1.85,2.08
2019-07-26,2.0,1.85,2.08
2019-07-29,1.98,1.84,2.06
2019-07-30,1.97,1.84,2.06
2019-07-31,2.0,1.84,2.02
2019-08-01,1.88,1.68,1.9
2019-08-02,1.85,1.66,1.86
2019-08-05,1.78,1.55,1.75
2019-08-06,1.8,1.53,1.73
2019-08-07,1.75,1.52,1.71
2019-08-08,1.79,1.54,1.72
2019-08-09,1.78,1.57,1.74
2019-08-12,1.75,1.49,1.65
2019-08-13,1.86,1.57,1.68
2019-08-14,1.79,1.51,1.59
2019-08-15,1.72,1.42,1.52
2019-08-16,1.71,1.42,1.55
2019-08-19,1.75,1.47,1.6
2019-08-20,1.72,1.42,1.55
2019-08-21,1.77,1.47,1.59
2019-08-22,1.79,1.5,1.62
2019-08-23,1.73,1.4,1.52
2019-08-26,1.75,1.43,1.54
2019-08-27,1.77,1.4,1.49
2019-08-28,1.74,1.37,1.47
2019-08-29,1.75,1.4,1.5
2019-08-30,1.76,1.39,1.5
2019-09-02,,,
2019-09-03,1.72,1.35,1.47
2019-09-04,1.69,1.32,1.47
2019-09-05,1.73,1.43,1.57
2019-09-06,1.73,1.42,1.55
2019-09-09,1.74,1.49,1.63
2019-09-10,1.81,1.58,1.72
2019-09-11,1.79,1.6,1.75
2019-09-12,1.82,1.65,1.79
2019-09-13,1.88,1.75,1.9
2019-09-16,1.86,1.69,1.84
2019-09-17,1.87,1.66,1.81
2019-09-18,1.87,1.68,1.8
2019-09-19,1.88,1.66,1.79
2019-09-20,1.84,1.61,1.74
2019-09-23,1.81,1.59,1.72
2019-09-24,1.78,1.52,1.64
2019-09-25,1.82,1.6,1.73
2019-09-26,1.79,1.59,1.7
2019-09-27,1.74,1.56,1.69
2019-09-30,1.75,1.55,1.68
2019-10-01,1.73,1.51,1.65
2019-10-02,1.67,1.43,1.6
2019-10-03,1.58,1.34,1.54
2019-10-04,1.58,1.34,1.52
2019-10-07,1.64,1.38,1.56
2019-10-08,1.62,1.36,1.54
2019-10-09,1.59,1.4,1.59
2019-10-10,1.63,1.48,1.67
2019-10-11,1.67,1.59,1.76
2019-10-14,,,
2019-10-15,1.65,1.59,1.77
2019-10-16,1.59,1.57,1.75
2019-10-17,1.59,1.57,1.76
2019-10-18,1.58,1.56,1.76
2019-10-21,1.59,1.61,1.8
2019-10-22,1.59,1.6,1.78
2019-10-23,1.58,1.58,1.77
2019-10-24,1.59,1.58,1.77
2019-10-25,1.6,1.62,1.8
2019-10-28,1.6,1.66,1.85
2019-10-29,1.59,1.66,1.84
2019-10-30,1.59,1.61,1.78
2019-10-31,1.53,1.51,1.69
2019-11-01,1.53,1.55,1.73
2019-11-04,1.56,1.6,1.79
2019-11-05,1.62,1.66,1.86
2019-11-06,1.58,1.63,1.81
2019-11-07,1.58,1.74,1.92
2019-11-08,1.58,1.74,1.94
2019-11-11,,,
2019-11-12,1.58,1.73,1.92
2019-11-13,1.57,1.69,1.88
2019-11-14,1.55,1.63,1.82
2019-11-15,1.54,1.65,1.84
2019-11-18,1.54,1.63,1.81
2019-11-19,1.54,1.63,1.79
2019-11-20,1.54,1.58,1.73
2019-11-21,1.55,1.62,1.77
2019-11-22,1.56,1.62,1.77
2019-11-25,1.58,1.62,1.76
2019-11-26,1.59,1.58,1.74
2019-11-27,1.6,1.63,1.77
2019-11-28,,,
2019-11-29,1.6,1.62,1.78
2019-12-02,1.6,1.65,1.83
2019-12-03,1.57,1.54,1.72
2019-12-04,1.56,1.6,1.77
2019-12-05,1.56,1.62,1.8
2019-12-06,1.57,1.67,1.84
2019-12-09,1.56,1.67,1.83
2019-12-10,1.56,1.68,1.85
2019-12-11,1.55,1.64,1.79
2019-12-12,1.55,1.73,1.9
2019-12-13,1.54,1.66,1.82
2019-12-16,1.54,1.72,1.89
2019-12-17,1.53,1.71,1.89
2019-12-18,1.54,1.74,1.92
2019-12-19,1.52,1.73,1.92
2019-12-20,1.52,1.73,1.92
2019-12-23,1.53,1.75,1.93
2019-12-24,1.53,1.72,1.9
2019-12-25,,,
2019-12-26,1.53,1.72,1.9
2019-12-27,1.51,1.68,1.88
2019-12-30,1.57,1.68,1.9
2019-12-31,1.59,1.69,1.92
2020-01-01,,,
2020-01-02,1.56,1.67,1.88
2020-01-03,1.55,1.59,1.8
2020-01-06,1.54,1.61,1.81
2020-01-07,1.53,1.62,1.83
2020-01-08,1.55,1.67,1.87
2020-01-09,1.54,1.65,1.85
2020-01-10,1.53,1.63,1.83
2020-01-13,1.53,1.65,1.85
2020-01-14,1.53,1.63,1.82
2020-01-15,1.54,1.6,1.79
2020-01-16,1.54,1.63,1.81
2020-01-17,1.56,1.63,1.84
2020-01-20,,,
2020-01-21,1.54,1.57,1.78
2020-01-22,1.55,1.57,1.77
2020-01-23,1.55,1.55,1.74
2020-01-24,1.55,1.51,1.7
2020-01-27,1.53,1.44,1.61
2020-01-28,1.53,1.47,1.65
2020-01-29,1.51,1.41,1.6
2020-01-30,1.48,1.39,1.57
2020-01-31,1.45,1.32,1.51
2020-02-03,1.46,1.35,1.54
2020-02-04,1.48,1.42,1.61
2020-02-05,1.49,1.46,1.66
2020-02-06,1.51,1.45,1.65
2020-02-07,1.49,1.41,1.59
2020-02-10,1.45,1.38,1.56
2020-02-11,1.48,1.4,1.59
2020-02-12,1.49,1.45,1.62
2020-02-13,1.48,1.43,1.61
2020-02-14,1.49,1.42,1.59
2020-02-17,,,
2020-02-18,1.47,1.39,1.55
2020-02-19,1.47,1.41,1.56
2020-02-20,1.46,1.37,1.52
2020-02-21,1.43,1.3,1.46
2020-02-24,1.35,1.21,1.38
2020-02-25,1.3,1.16,1.33
2020-02-26,1.26,1.14,1.33
2020-02-27,1.18,1.11,1.3
2020-02-28,0.97,0.89,1.13
2020-03-02,0.89,0.88,1.1
2020-03-03,0.73,0.77,1.02
2020-03-04,0.59,0.75,1.02
2020-03-05,0.48,0.67,0.92
2020-03-06,0.39,0.58,0.74
2020-03-09,0.31,0.46,0.54
2020-03-10,0.43,0.63,0.76
2020-03-11,0.4,0.66,0.82
2020-03-12,0.39,0.66,0.88
2020-03-13,0.38,0.7,0.94
2020-03-16,0.29,0.49,0.73
2020-03-17,0.3,0.66,1.02
2020-03-18,0.21,0.79,1.18
2020-03-19,0.2,0.66,1.12
2020-03-20,0.15,0.52,0.92
2020-03-23,0.17,0.38,0.76
2020-03-24,0.25,0.52,0.84
2020-03-25,0.19,0.56,0.88
2020-03-26,0.13,0.51,0.83
2020-03-27,0.11,0.41,0.72
2020-03-30,0.14,0.39,0.7
2020-03-31,0.17,0.37,0.7
2020-04-01,0.16,0.37,0.62
2020-04-02,0.14,0.39,0.63
2020-04-03,0.15,0.39,0.62
2020-04-06,0.2,0.44,0.67
2020-04-07,0.2,0.48,0.75
2020-04-08,0.23,0.47,0.77
2020-04-09,0.25,0.41,0.73
2020-04-10,,,
2020-04-13,0.27,0.44,0.76
2020-04-14,0.25,0.42,0.76
2020-04-15,0.19,0.34,0.63
2020-04-16,0.17,0.35,0.61
2020-04-17,0.16,0.36,0.65
2020-04-20,0.15,0.35,0.63
2020-04-21,0.17,0.34,0.58
2020-04-22,0.16,0.37,0.63
2020-04-23,0.17,0.37,0.61
2020-04-24,0.18,0.36,0.6
2020-04-27,0.17,0.41,0.67
2020-04-28,0.16,0.37,0.62
2020-04-29,0.18,0.36,0.63
2020-04-30,0.16,0.36,0.64
2020-05-01,0.17,0.36,0.64
2020-05-04,0.16,0.36,0.64
2020-05-05,0.16,0.36,0.66
2020-05-06,0.16,0.37,0.72
2020-05-07,0.15,0.29,0.63
2020-05-08,0.15,0.33,0.69
2020-05-11,0.16,0.36,0.73
2020-05-12,0.16,0.34,0.69
2020-05-13,0.15,0.31,0.64
2020-05-14,0.15,0.31,0.63
2020-05-15,0.15,0.31,0.64
2020-05-18,0.17,0.38,0.73
2020-05-19,0.16,0.35,0.7
2020-05-20,0.16,0.34,0.68
2020-05-21,0.16,0.35,0.68
2020-05-22,0.17,0.34,0.66
2020-05-25,,,
2020-05-26,0.17,0.35,0.69
2020-05-27,0.18,0.34,0.68
2020-05-28,0.17,0.34,0.7
2020-05-29,0.17,0.3,0.65
2020-06-01,0.17,0.31,0.66
2020-06-02,0.17,0.32,0.68
2020-06-03,0.17,0.38,0.77
2020-06-04,0.17,0.4,0.82
2020-06-05,0.18,0.47,0.91
2020-06-08,0.19,0.45,0.88
2020-06-09,0.19,0.4,0.84
2020-06-10,0.18,0.33,0.75
2020-06-11,0.19,0.32,0.66
2020-06-12,0.18,0.33,0.71
2020-06-15,0.17,0.33,0.71
2020-06-16,0.18,0.34,0.75
2020-06-17,0.19,0.34,0.74
2020-06-18,0.19,0.34,0.71
2020-06-19,0.18,0.33,0.7
2020-06-22,0.17,0.34,0.71
2020-06-23,0.18,0.33,0.72
2020-06-24,0.17,0.33,0.69
2020-06-25,0.17,0.32,0.68
2020-06-26,0.17,0.3,0.64
2020-06-29,0.16,0.28,0.64
2020-06-30,0.16,0.29,0.66
2020-07-01,0.16,0.31,0.69
2020-07-02,0.16,0.29,0.68
2020-07-03,,,
2020-07-06,0.16,0.31,0.69
2020-07-07,0.15,0.29,0.65
2020-07-08,0.15,0.3,0.67
2020-07-09,0.15,0.28,0.62
2020-07-10,0.15,0.3,0.65
2020-07-13,0.16,0.3,0.64
2020-07-14,0.17,0.28,0.63
2020-07-15,0.15,0.28,0.64
2020-07-16,0.14,0.28,0.62
2020-07-17,0.14,0.29,0.64
2020-07-20,0.14,0.29,0.62
2020-07-21,0.15,0.27,0.61
2020-07-22,0.14,0.27,0.6
2020-07-23,0.14,0.27,0.59
2020-07-24,0.16,0.27,0.59
2020-07-27,0.14,0.3,0.62
2020-07-28,0.14,0.26,0.59
2020-07-29,0.13,0.25,0.58
2020-07-30,0.11,0.23,0.55
2020-07-31,0.11,0.21,0.55
2020-08-03,0.12,0.22,0.56
2020-08-04,0.14,0.19,0.52
2020-08-05,0.12,0.22,0.55
2020-08-06,0.14,0.21,0.55
2020-08-07,0.14,0.23,0.57
2020-08-10,0.13,0.24,0.59
2020-08-11,0.15,0.27,0.64
2020-08-12,0.13,0.3,0.69
2020-08-13,0.14,0.32,0.71
2020-08-14,0.13,0.29,0.71
2020-08-17,0.13,0.29,0.69
2020-08-18,0.13,0.27,0.67
2020-08-19,0.13,0.29,0.68
2020-08-20,0.12,0.26,0.65
2020-08-21,0.13,0.27,0.64
2020-08-24,0.14,0.28,0.65
2020-08-25,0.13,0.3,0.69
2020-08-26,0.12,0.28,0.69
2020-08-27,0.13,0.31,0.74
2020-08-28,0.12,0.28,0.74
2020-08-31,0.12,0.28,0.72
2020-09-01,0.12,0.26,0.68
2020-09-02,0.13,0.26,0.66
2020-09-03,0.12,0.24,0.63
2020-09-04,0.13,0.3,0.72
2020-09-07,,,
2020-09-08,0.15,0.28,0.69
2020-09-09,0.14,0.28,0.71
2020-09-10,0.15,0.26,0.68
2020-09-11,0.13,0.26,0.67
2020-09-14,0.14,0.27,0.68
2020-09-15,0.13,0.27,0.68
2020-09-16,0.12,0.28,0.69
2020-09-17,0.12,0.28,0.69
2020-09-18,0.13,0.29,0.7
2020-09-21,0.12,0.27,0.68
2020-09-22,0.12,0.27,0.68
2020-09-23,0.13,0.28,0.68
2020-09-24,0.12,0.27,0.67
2020-09-25,0.12,0.26,0.66
2020-09-28,0.12,0.26,0.67
2020-09-29,0.12,0.24,0.66
2020-09-30,0.12,0.28,0.69
2020-10-01,0.12,0.27,0.68
2020-10-02,0.12,0.28,0.7
2020-10-05,0.12,0.33,0.78
2020-10-06,0.14,0.32,0.76
2020-10-07,0.13,0.35,0.81
2020-10-08,0.13,0.33,0.78
2020-10-09,0.15,0.34,0.79
2020-10-12,,,
2020-10-13,0.13,0.31,0.74
2020-10-14,0.13,0.3,0.73
2020-10-15,0.12,0.32,0.74
2020-10-16,0.12,0.32,0.76
2020-10-19,0.13,0.34,0.78
2020-10-20,0.13,0.34,0.81
2020-10-21,0.13,0.36,0.83
2020-10-22,0.13,0.38,0.87
2020-10-23,0.12,0.37,0.85
2020-10-26,0.12,0.35,0.81
2020-10-27,0.12,0.34,0.79
2020-10-28,0.12,0.34,0.79
2020-10-29,0.12,0.38,0.85
2020-10-30,0.13,0.38,0.88
2020-11-02,0.13,0.38,0.87
2020-11-03,0.14,0.39,0.9
2020-11-04,0.12,0.33,0.78
2020-11-05,0.12,0.33,0.79
2020-11-06,0.12,0.36,0.83
2020-11-09,0.12,0.44,0.96
2020-11-10,0.12,0.46,0.98
2020-11-11,,,
2020-11-12,0.13,0.4,0.88
2020-11-13,0.12,0.41,0.89
2020-11-16,0.12,0.41,0.91
2020-11-17,0.12,0.39,0.87
2020-11-18,0.11,0.4,0.88
2020-11-19,0.11,0.39,0.86
2020-11-20,0.11,0.38,0.83
2020-11-23,0.1,0.39,0.86
2020-11-24,0.11,0.39,0.88
2020-11-25,0.11,0.39,0.88
2020-11-26,,,
2020-11-27,0.11,0.37,0.84
2020-11-30,0.11,0.36,0.84
2020-12-01,0.12,0.42,0.92
2020-12-02,0.11,0.42,0.95
2020-12-03,0.1,0.4,0.92
2020-12-04,0.11,0.42,0.97
2020-12-07,0.1,0.4,0.94
2020-12-08,0.1,0.39,0.92
2020-12-09,0.1,0.41,0.95
2020-12-10,0.1,0.39,0.92
2020-12-11,0.1,0.37,0.9
2020-12-14,0.1,0.37,0.9
2020-12-15,0.09,0.37,0.92
2020-12-16,0.09,0.37,0.92
2020-12-17,0.09,0.38,0.94
2020-12-18,0.09,0.39,0.95
2020-12-21,0.09,0.39,0.95
2020-12-22,0.09,0.37,0.93
2020-12-23,0.09,0.38,0.96
2020-12-24,0.1,0.37,0.94
2020-12-25,,,
2020-12-28,0.11,0.38,0.94
2020-12-29,0.11,0.37,0.94
2020-12-30,0.12,0.37,0.93
2020-12-31,0.1,0.36,0.93
2021-01-01,,,
2021-01-04,0.1,0.36,0.93
2021-01-05,0.1,0.38,0.96
2021-01-06,0.11,0.43,1.04
2021-01-07,0.11,0.46,1.08
2021-01-08,0.1,0.49,1.13
2021-01-11,0.1,0.5,1.15
2021-01-12,0.11,0.5,1.15
2021-01-13,0.12,0.48,1.1
2021-01-14,0.1,0.49,1.15
2021-01-15,0.1,0.46,1.11
2021-01-18,,,
2021-01-19,0.1,0.45,1.1
2021-01-20,0.1,0.45,1.1
2021-01-21,0.1,0.45,1.12
2021-01-22,0.1,0.44,1.1
2021-01-25,0.1,0.42,1.05
2021-01-26,0.09,0.42,1.05
2021-01-27,0.09,0.41,1.04
2021-01-28,0.08,0.42,1.07
2021-01-29,0.1,0.45,1.11
2021-02-01,0.08,0.42,1.09
2021-02-02,0.08,0.45,1.12
2021-02-03,0.08,0.46,1.15
2021-02-04,0.07,0.46,1.15
2021-02-05,0.06,0.47,1.19
2021-02-08,0.07,0.48,1.19
2021-02-09,0.07,0.48,1.18
2021-02-10,0.07,0.46,1.15
2021-02-11,0.07,0.46,1.16
2021-02-12,0.06,0.5,1.2
2021-02-15,,,
2021-02-16,0.08,0.57,1.3
2021-02-17,0.07,0.57,1.29
2021-02-18,0.06,0.56,1.29
2021-02-19,0.07,0.59,1.34
2021-02-22,0.06,0.61,1.37
2021-02-23,0.08,0.59,1.37
2021-02-24,0.08,0.62,1.38
2021-02-25,0.09,0.81,1.54
2021-02-26,0.08,0.75,1.44
2021-03-01,0.08,0.71,1.45
2021-03-02,0.08,0.67,1.42
2021-03-03,0.08,0.73,1.47
2021-03-04,0.08,0.77,1.54
2021-03-05,0.08,0.79,1.56
2021-03-08,0.09,0.86,1.59
2021-03-09,0.1,0.83,1.55
2021-03-10,0.08,0.8,1.53
2021-03-11,0.08,0.78,1.54
2021-03-12,0.09,0.85,1.64
2021-03-15,0.08,0.84,1.62
2021-03-16,0.07,0.83,1.62
2021-03-17,0.07,0.8,1.63
2021-03-18,0.08,0.86,1.71
2021-03-19,0.07,0.9,1.74
2021-03-22,0.06,0.87,1.69
2021-03-23,0.08,0.83,1.63
2021-03-24,0.07,0.83,1.62
2021-03-25,0.07,0.82,1.63
2021-03-26,0.06,0.85,1.67
2021-03-29,0.06,0.89,1.73
2021-03-30,0.06,0.9,1.73
2021-03-31,0.07,0.92,1.74
2021-04-01,0.06,0.9,1.69
2021-04-02,0.07,0.97,1.72
2021-04-05,0.06,0.94,1.73
2021-04-06,0.06,0.88,1.67
2021-04-07,0.06,0.87,1.68
2021-04-08,0.05,0.85,1.64
2021-04-09,0.06,0.87,1.67
2021-04-12,0.06,0.89,1.69
2021-04-13,0.06,0.85,1.64
2021-04-14,0.06,0.87,1.64
2021-04-15,0.06,0.81,1.56
2021-04-16,0.06,0.84,1.59
2021-04-19,0.08,0.85,1.61
2021-04-20,0.07,0.81,1.58
2021-04-21,0.07,0.81,1.57
2021-04-22,0.06,0.81,1.57
2021-04-23,0.07,0.83,1.58
2021-04-26,0.06,0.85,1.58
2021-04-27,0.06,0.88,1.63
2021-04-28,0.05,0.86,1.63
2021-04-29,0.05,0.86,1.65
2021-04-30,0.05,0.86,1.65
2021-05-03,0.06,0.84,1.63
2021-05-04,0.06,0.82,1.61
2021-05-05,0.06,0.8,1.59
2021-05-06,0.05,0.81,1.58
2021-05-07,0.05,0.77,1.6
2021-05-10,0.05,0.8,1.63
2021-05-11,0.05,0.8,1.64
2021-05-12,0.05,0.87,1.69
2021-05-13,0.05,0.84,1.66
2021-05-14,0.06,0.82,1.63
2021-05-17,0.06,0.84,1.64
2021-05-18,0.06,0.83,1.64
2021-05-19,0.05,0.87,1.68
2021-05-20,0.05,0.83,1.63
2021-05-21,0.04,0.84,1.63
2021-05-24,0.04,0.82,1.61
2021-05-25,0.04,0.79,1.56
2021-05-26,0.04,0.8,1.58
2021-05-27,0.04,0.81,1.61
2021-05-28,0.05,0.79,1.58
2021-05-31,,,
2021-06-01,0.04,0.81,1.62
2021-06-02,0.05,0.8,1.59
2021-06-03,0.04,0.84,1.63
2021-06-04,0.05,0.78,1.56
2021-06-07,0.05,0.79,1.57
2021-06-08,0.05,0.77,1.53
2021-06-09,0.05,0.75,1.5
2021-06-10,0.05,0.73,1.45
2021-06-11,0.05,0.76,1.47
2021-06-14,0.05,0.8,1.51
2021-06-15,0.08,0.79,1.51
2021-06-16,0.08,0.89,1.57
2021-06-17,0.08,0.9,1.52
2021-06-18,0.09,0.89,1.45
2021-06-21,0.09,0.9,1.5
2021-06-22,0.09,0.87,1.48
2021-06-23,0.08,0.9,1.5
2021-06-24,0.08,0.9,1.49
2021-06-25,0.09,0.92,1.54
2021-06-28,0.08,0.9,1.49
2021-06-29,0.08,0.89,1.49
2021-06-30,0.07,0.87,1.45
2021-07-01,0.09,0.89,1.48
2021-07-02,0.08,0.86,1.44
2021-07-05,,,
2021-07-06,0.07,0.81,1.37
2021-07-07,0.08,0.79,1.33
2021-07-08,0.07,0.74,1.3
2021-07-09,0.08,0.79,1.37
2021-07-12,0.08,0.81,1.38
2021-07-13,0.08,0.85,1.42
2021-07-14,0.08,0.8,1.37
2021-07-15,0.07,0.78,1.31
2021-07-16,0.08,0.79,1.31
2021-07-19,0.07,0.7,1.19
2021-07-20,0.08,0.69,1.23
2021-07-21,0.07,0.74,1.3
2021-07-22,0.07,0.71,1.27
2021-07-23,0.07,0.72,1.3
2021-07-26,0.08,0.73,1.29
2021-07-27,0.07,0.71,1.25
2021-07-28,0.07,0.72,1.26
2021-07-29,0.08,0.73,1.28
2021-07-30,0.07,0.69,1.24
2021-08-02,0.07,0.66,1.2
2021-08-03,0.07,0.65,1.19
2021-08-04,0.07,0.67,1.19
2021-08-05,0.08,0.72,1.23
2021-08-06,0.09,0.77,1.31
2021-08-09,0.08,0.79,1.33
2021-08-10,0.08,0.82,1.36
2021-08-11,0.08,0.81,1.35
2021-08-12,0.09,0.83,1.36
2021-08-13,0.08,0.79,1.29
2021-08-16,0.08,0.75,1.26
2021-08-17,0.07,0.77,1.26
2021-08-18,0.07,0.79,1.27
2021-08-19,0.06,0.78,1.24
2021-08-20,0.06,0.8,1.26
2021-08-23,0.07,0.78,1.25
2021-08-24,0.06,0.8,1.29
2021-08-25,0.07,0.84,1.35
2021-08-26,0.07,0.84,1.34
2021-08-27,0.07,0.79,1.31
2021-08-30,0.08,0.77,1.29
2021-08-31,0.07,0.77,1.3
2021-09-01,0.07,0.78,1.31
2021-09-02,0.07,0.78,1.29
2021-09-03,0.08,0.78,1.33
2021-09-06,,,
2021-09-07,0.08,0.82,1.38
2021-09-08,0.08,0.81,1.35
2021-09-09,0.07,0.79,1.3
2021-09-10,0.08,0.82,1.35
2021-09-13,0.07,0.81,1.33
2021-09-14,0.07,0.79,1.28
2021-09-15,0.07,0.81,1.31
2021-09-16,0.07,0.84,1.34
2021-09-17,0.07,0.88,1.37
2021-09-20,0.07,0.83,1.31
2021-09-21,0.07,0.84,1.33
2021-09-22,0.08,0.86,1.32
2021-09-23,0.08,0.94,1.41
2021-09-24,0.08,0.97,1.47
2021-09-27,0.09,0.98,1.48
2021-09-28,0.09,1.02,1.54
2021-09-29,0.09,1.01,1.55
2021-09-30,0.09,0.98,1.52
2021-10-01,0.09,0.93,1.48
2021-10-04,0.09,0.95,1.49
2021-10-05,0.09,0.98,1.54
2021-10-06,0.1,0.99,1.53
2021-10-07,0.1,1.02,1.58
2021-10-08,0.09,1.05,1.61
2021-10-11,,,
2021-10-12,0.1,1.08,1.59
2021-10-13,0.11,1.09,1.56
2021-10-14,0.1,1.05,1.52
2021-10-15,0.12,1.13,1.59
2021-10-18,0.11,1.16,1.59
2021-10-19,0.11,1.17,1.65
2021-10-20,0.1,1.16,1.65
2021-10-21,0.12,1.23,1.68
2021-10-22,0.13,1.22,1.66
2021-10-25,0.14,1.19,1.64
2021-10-26,0.14,1.2,1.63
2021-10-27,0.12,1.16,1.54
2021-10-28,0.15,1.18,1.57
2021-10-29,0.15,1.18,1.55
2021-11-01,0.15,1.2,1.58
2021-11-02,0.15,1.15,1.56
2021-11-03,0.17,1.19,1.6
2021-11-04,0.14,1.1,1.53
2021-11-05,0.14,1.04,1.45
2021-11-08,0.16,1.13,1.51
2021-11-09,0.14,1.08,1.46
2021-11-10,0.17,1.23,1.56
2021-11-11,,,
2021-11-12,0.17,1.24,1.58
2021-11-15,0.18,1.26,1.63
2021-11-16,0.17,1.27,1.63
2021-11-17,0.18,1.24,1.6
2021-11-18,0.18,1.22,1.59
2021-11-19,0.18,1.22,1.54
2021-11-22,0.2,1.33,1.63
2021-11-23,0.21,1.33,1.67
2021-11-24,0.24,1.34,1.64
2021-11-25,,,
2021-11-26,0.2,1.16,1.48
2021-11-29,0.21,1.18,1.52
2021-11-30,0.24,1.14,1.43
2021-12-01,0.25,1.15,1.43
2021-12-02,0.27,1.21,1.44
2021-12-03,0.26,1.13,1.35
2021-12-06,0.28,1.21,1.43
2021-12-07,0.31,1.26,1.48
2021-12-08,0.29,1.27,1.52
2021-12-09,0.28,1.26,1.49
2021-12-10,0.27,1.25,1.48
2021-12-13,0.27,1.21,1.42
2021-12-14,0.26,1.23,1.44
2021-12-15,0.29,1.26,1.47
2021-12-16,0.26,1.19,1.44
2021-12-17,0.27,1.18,1.41
2021-12-20,0.27,1.17,1.43
2021-12-21,0.29,1.24,1.48
2021-12-22,0.28,1.23,1.46
2021-12-23,0.31,1.25,1.5
2021-12-24,,,
2021-12-27,0.33,1.26,1.48
2021-12-28,0.39,1.27,1.49
2021-12-29,0.38,1.29,1.55
2021-12-30,0.38,1.27,1.52
2021-12-31,0.39,1.26,1.52
2022-01-03,0.4,1.37,1.63
2022-01-04,0.38,1.37,1.66
2022-01-05,0.41,1.43,1.71
2022-01-06,0.45,1.47,1.73
2022-01-07,0.43,1.5,1.76
2022-01-10,0.46,1.53,1.78
2022-01-11,0.46,1.51,1.75
2022-01-12,0.48,1.5,1.74
2022-01-13,0.47,1.47,1.7
2022-01-14,0.51,1.55,1.78
2022-01-17,,,
2022-01-18,0.58,1.65,1.87
2022-01-19,0.57,1.62,1.83
2022-01-20,0.6,1.62,1.83
2022-01-21,0.58,1.54,1.75
2022-01-24,0.58,1.53,1.75
2022-01-25,0.65,1.56,1.78
2022-01-26,0.7,1.66,1.85
2022-01-27,0.75,1.66,1.81
2022-01-28,0.75,1.61,1.78
2022-01-31,0.78,1.62,1.79
2022-02-01,0.78,1.63,1.81
2022-02-02,0.76,1.6,1.78
2022-02-03,0.78,1.66,1.82
2022-02-04,0.89,1.78,1.93
2022-02-07,0.88,1.76,1.92
2022-02-08,0.91,1.81,1.96
2022-02-09,0.91,1.82,1.94
2022-02-10,1.14,1.96,2.03
2022-02-11,1.07,1.84,1.92
2022-02-14,1.13,1.9,1.98
2022-02-15,1.11,1.94,2.05
2022-02-16,1.09,1.9,2.03
2022-02-17,1.05,1.85,1.97
2022-02-18,1.03,1.82,1.92
2022-02-21,,,
2022-02-22,1.17,1.85,1.94
2022-02-23,1.16,1.89,1.99
2022-02-24,1.08,1.84,1.96
2022-02-25,1.13,1.86,1.97
2022-02-28,1.01,1.71,1.83
2022-03-01,0.91,1.56,1.72
2022-03-02,1.06,1.74,1.86
2022-03-03,1.08,1.74,1.86
2022-03-04,1.05,1.65,1.74
2022-03-07,1.07,1.71,1.78
2022-03-08,1.12,1.8,1.86
2022-03-09,1.15,1.87,1.94
2022-03-10,1.19,1.92,1.98
2022-03-11,1.22,1.96,2.0
2022-03-14,1.28,2.1,2.14
2022-03-15,1.28,2.1,2.15
2022-03-16,1.35,2.18,2.19
2022-03-17,1.3,2.17,2.2
2022-03-18,1.29,2.14,2.14
2022-03-21,1.4,2.33,2.32
2022-03-22,1.59,2.39,2.38
2022-03-23,1.52,2.34,2.32
2022-03-24,1.55,2.37,2.34
2022-03-25,1.67,2.55,2.48
2022-03-28,1.69,2.54,2.46
2022-03-29,1.67,2.49,2.41
2022-03-30,1.64,2.44,2.35
2022-03-31,1.63,2.42,2.32
2022-04-01,1.72,2.55,2.39
2022-04-04,1.72,2.56,2.42
2022-04-05,1.77,2.69,2.54
2022-04-06,1.79,2.7,2.61
2022-04-07,1.78,2.7,2.66
2022-04-08,1.81,2.76,2.72
2022-04-11,1.85,2.79,2.79
2022-04-12,1.77,2.66,2.72
2022-04-13,1.78,2.66,2.7
2022-04-14,1.84,2.79,2.83
2022-04-15,,,
2022-04-18,1.84,2.79,2.85
2022-04-19,1.94,2.91,2.93
2022-04-20,1.93,2.87,2.85
2022-04-21,2.01,2.96,2.9
2022-04-22,2.06,2.94,2.9
2022-04-25,2.03,2.84,2.81
2022-04-26,1.99,2.79,2.77
2022-04-27,1.97,2.81,2.82
2022-04-28,2.04,2.86,2.85
2022-04-29,2.1,2.92,2.89
2022-05-02,2.1,3.01,2.99
2022-05-03,2.16,3.01,2.97
2022-05-04,2.07,2.93,2.93
2022-05-05,2.08,3.01,3.05
2022-05-06,2.08,3.06,3.12
2022-05-09,1.99,2.95,3.05
2022-05-10,2.01,2.91,2.99
2022-05-11,1.99,2.89,2.91
2022-05-12,1.96,2.81,2.84
2022-05-13,2.04,2.89,2.93
2022-05-16,2.07,2.83,2.88
2022-05-17,2.16,2.96,2.98
2022-05-18,2.16,2.89,2.89
2022-05-19,2.11,2.84,2.84
2022-05-20,2.07,2.8,2.78
2022-05-23,2.09,2.88,2.86
2022-05-24,2.02,2.76,2.76
2022-05-25,2.01,2.71,2.75
2022-05-26,1.99,2.7,2.75
2022-05-27,2.01,2.71,2.74
2022-05-30,,,
2022-05-31,2.08,2.81,2.85
2022-06-01,2.16,2.94,2.94
2022-06-02,2.15,2.92,2.92
2022-06-03,2.18,2.95,2.96
2022-06-06,2.23,3.03,3.04
2022-06-07,2.26,2.99,2.98
2022-06-08,2.29,3.03,3.03
2022-06-09,2.35,3.07,3.04
2022-06-10,2.58,3.25,3.15
2022-06-13,2.89,3.56,3.43
2022-06-14,3.15,3.61,3.49
2022-06-15,2.93,3.38,3.33
2022-06-16,2.88,3.35,3.28
2022-06-17,2.86,3.34,3.25
2022-06-20,,,
2022-06-21,2.92,3.38,3.31
2022-06-22,2.79,3.22,3.16
2022-06-23,2.78,3.14,3.09
2022-06-24,2.83,3.18,3.13
2022-06-27,2.89,3.24,3.2
2022-06-28,2.88,3.25,3.2
2022-06-29,2.88,3.15,3.1
2022-06-30,2.8,3.01,2.98
2022-07-01,2.79,2.88,2.88
2022-07-04,,,
2022-07-05,2.77,2.82,2.82
2022-07-06,2.82,2.96,2.93
2022-07-07,2.87,3.05,3.01
2022-07-08,2.96,3.13,3.09
2022-07-11,2.97,3.05,2.99
2022-07-12,3.07,3.01,2.96
2022-07-13,3.21,3.02,2.91
2022-07-14,3.16,3.06,2.96
2022-07-15,3.12,3.05,2.93
2022-07-18,3.13,3.06,2.96
2022-07-19,3.18,3.14,3.01
2022-07-20,3.18,3.18,3.04
2022-07-21,3.11,3.0,2.91
2022-07-22,3.01,2.87,2.77
2022-07-25,3.07,2.89,2.81
2022-07-26,3.06,2.89,2.81
2022-07-27,3.0,2.82,2.78
2022-07-28,2.93,2.69,2.68
2022-07-29,2.98,2.7,2.67
2022-08-01,2.98,2.66,2.6
2022-08-02,3.09,2.85,2.75
2022-08-03,3.14,2.86,2.73
2022-08-04,3.11,2.76,2.68
2022-08-05,3.29,2.97,2.83
2022-08-08,3.3,2.91,2.77
2022-08-09,3.33,2.97,2.8
2022-08-10,3.26,2.93,2.78
2022-08-11,3.25,2.98,2.87
2022-08-12,3.26,2.97,2.84
2022-08-15,3.23,2.91,2.79
2022-08-16,3.26,2.95,2.82
2022-08-17,3.27,3.04,2.89
2022-08-18,3.24,3.02,2.88
2022-08-19,3.26,3.11,2.98
2022-08-22,3.32,3.17,3.03
2022-08-23,3.29,3.18,3.05
2022-08-24,3.35,3.2,3.11
2022-08-25,3.33,3.15,3.03
2022-08-26,3.36,3.2,3.04
2022-08-29,3.43,3.27,3.12
2022-08-30,3.48,3.27,3.11
2022-08-31,3.5,3.3,3.15
2022-09-01,3.51,3.39,3.26
2022-09-02,3.47,3.3,3.2
2022-09-05,,,
2022-09-06,3.61,3.43,3.33
2022-09-07,3.6,3.37,3.27
2022-09-08,3.6,3.39,3.29
2022-09-09,3.67,3.45,3.33
2022-09-12,3.7,3.47,3.37
2022-09-13,3.92,3.58,3.42
2022-09-14,3.95,3.6,3.41
2022-09-15,4.0,3.66,3.45
2022-09-16,3.96,3.62,3.45
2022-09-19,4.05,3.69,3.49
2022-09-20,4.03,3.75,3.57
2022-09-21,4.08,3.74,3.51
2022-09-22,4.08,3.91,3.7
2022-09-23,4.15,3.96,3.69
2022-09-26,4.17,4.15,3.88
2022-09-27,4.16,4.21,3.97
2022-09-28,3.99,3.92,3.72
2022-09-29,3.98,3.98,3.76
2022-09-30,4.05,4.06,3.83
2022-10-03,4.01,3.9,3.67
2022-10-04,4.15,3.84,3.62
2022-10-05,4.14,3.96,3.76
2022-10-06,4.19,4.05,3.83
2022-10-07,4.24,4.14,3.89
2022-10-10,,,
2022-10-11,4.28,4.14,3.93
2022-10-12,4.28,4.12,3.91
2022-10-13,4.46,4.21,3.97
2022-10-14,4.5,4.25,4.0
2022-10-17,4.5,4.24,4.02
2022-10-18,4.5,4.21,4.01
2022-10-19,4.6,4.35,4.14
2022-10-20,4.66,4.45,4.24
2022-10-21,4.58,4.34,4.21
2022-10-24,4.61,4.36,4.25
2022-10-25,4.6,4.25,4.1
2022-10-26,4.54,4.2,4.04
2022-10-27,4.5,4.09,3.96
2022-10-28,4.55,4.19,4.02
2022-10-31,4.66,4.27,4.1
2022-11-01,4.75,4.27,4.07
2022-11-02,4.76,4.3,4.1
2022-11-03,4.78,4.36,4.14
2022-11-04,4.76,4.33,4.17
2022-11-07,4.8,4.39,4.22
2022-11-08,4.77,4.31,4.14
2022-11-09,4.75,4.27,4.12
2022-11-10,4.59,3.95,3.82
2022-11-11,,,
2022-11-14,4.63,4.0,3.88
2022-11-15,4.6,3.93,3.8
2022-11-16,4.62,3.83,3.67
2022-11-17,4.68,3.93,3.77
2022-11-18,4.74,3.99,3.82
2022-11-21,4.75,3.97,3.83
2022-11-22,4.79,3.93,3.76
2022-11-23,4.75,3.88,3.71
2022-11-24,,,
2022-11-25,4.76,3.85,3.68
2022-11-28,4.76,3.88,3.69
2022-11-29,4.78,3.92,3.75
2022-11-30,4.74,3.82,3.68
2022-12-01,4.66,3.68,3.53
2022-12-02,4.69,3.67,3.51
2022-12-05,4.77,3.8,3.6
2022-12-06,4.73,3.73,3.51
2022-12-07,4.67,3.62,3.42
2022-12-08,4.71,3.71,3.48
2022-12-09,4.72,3.75,3.57
2022-12-12,4.75,3.8,3.61
2022-12-13,4.64,3.66,3.51
2022-12-14,4.64,3.64,3.49
2022-12-15,4.65,3.62,3.44
2022-12-16,4.61,3.61,3.48
2022-12-19,4.64,3.7,3.57
2022-12-20,4.64,3.79,3.69
2022-12-21,4.6,3.78,3.68
2022-12-22,4.64,3.79,3.67
2022-12-23,4.66,3.86,3.75
2022-12-26,,,
2022-12-27,4.75,3.94,3.84
2022-12-28,4.71,3.97,3.88
2022-12-29,4.71,3.94,3.83
2022-12-30,4.73,3.99,3.88
2023-01-02,,,
2023-01-03,4.72,3.94,3.79
2023-01-04,4.71,3.85,3.69
2023-01-05,4.78,3.9,3.71
2023-01-06,4.71,3.69,3.55
2023-01-09,4.69,3.66,3.53
2023-01-10,4.74,3.72,3.61
2023-01-11,4.73,3.66,3.54
2023-01-12,4.66,3.53,3.43
2023-01-13,4.69,3.6,3.49
2023-01-16,,,
2023-01-17,4.67,3.6,3.53
2023-01-18,4.63,3.43,3.37
2023-01-19,4.65,3.48,3.39
2023-01-20,4.68,3.56,3.48
2023-01-23,4.7,3.61,3.52
2023-01-24,4.7,3.58,3.46
2023-01-25,4.67,3.54,3.46
2023-01-26,4.68,3.58,3.49
2023-01-27,4.68,3.62,3.52
2023-01-30,4.71,3.68,3.55
2023-01-31,4.68,3.63,3.52
2023-02-01,4.66,3.48,3.39
2023-02-02,4.64,3.49,3.4
2023-02-03,4.79,3.67,3.53
2023-02-06,4.85,3.81,3.63
2023-02-07,4.88,3.85,3.67
2023-02-08,4.87,3.82,3.63
2023-02-09,4.88,3.87,3.67
2023-02-10,4.89,3.93,3.74
2023-02-13,4.91,3.93,3.72
2023-02-14,4.99,4.0,3.77
2023-02-15,4.96,4.04,3.81
2023-02-16,4.99,4.06,3.86
2023-02-17,5.0,4.03,3.82
2023-02-20,,,
2023-02-21,5.07,4.16,3.95
2023-02-22,5.07,4.13,3.93
2023-02-23,5.03,4.09,3.88
2023-02-24,5.05,4.19,3.95
2023-02-27,5.03,4.17,3.92
2023-02-28,5.02,4.18,3.92
2023-03-01,5.06,4.27,4.01
2023-03-02,5.04,4.32,4.08
2023-03-03,5.03,4.26,3.97
2023-03-06,5.05,4.27,3.98
2023-03-07,5.22,4.31,3.97
2023-03-08,5.25,4.34,3.98
2023-03-09,5.18,4.22,3.93
2023-03-10,4.9,3.96,3.7
2023-03-13,4.3,3.68,3.55
2023-03-14,4.45,3.78,3.64
2023-03-15,4.19,3.59,3.51
2023-03-16,4.49,3.72,3.56
2023-03-17,4.26,3.44,3.39
2023-03-20,4.34,3.56,3.47
2023-03-21,4.68,3.73,3.59
2023-03-22,4.56,3.54,3.48
2023-03-23,4.38,3.39,3.38
2023-03-24,4.32,3.41,3.38
2023-03-27,4.51,3.59,3.53
2023-03-28,4.55,3.63,3.55
2023-03-29,4.59,3.67,3.57
2023-03-30,4.63,3.66,3.55
2023-03-31,4.64,3.6,3.48
2023-04-03,4.6,3.52,3.43
2023-04-04,4.5,3.39,3.35
2023-04-05,4.43,3.36,3.3
2023-04-06,4.51,3.37,3.3
2023-04-07,4.61,3.49,3.39
2023-04-10,4.65,3.52,3.41
2023-04-11,4.67,3.54,3.43
2023-04-12,4.64,3.46,3.41
2023-04-13,4.66,3.51,3.45
2023-04-14,4.77,3.6,3.52
2023-04-17,4.8,3.69,3.6
2023-04-18,4.81,3.69,3.58
2023-04-19,4.84,3.71,3.6
2023-04-20,4.77,3.63,3.54
2023-04-21,4.78,3.66,3.57
2023-04-24,4.76,3.6,3.52
2023-04-25,4.6,3.43,3.4
2023-04-26,4.64,3.46,3.43
2023-04-27,4.78,3.6,3.53
2023-04-28,4.8,3.51,3.44
2023-05-01,4.86,3.64,3.59
2023-05-02,4.74,3.46,3.44
2023-05-03,4.7,3.37,3.38
2023-05-04,4.59,3.29,3.37
2023-05-05,4.73,3.41,3.44
2023-05-08,4.79,3.49,3.52
2023-05-09,4.81,3.51,3.53
2023-05-10,4.7,3.37,3.43
2023-05-11,4.7,3.36,3.39
2023-05-12,4.75,3.45,3.46
2023-05-15,4.73,3.46,3.5
2023-05-16,4.88,3.52,3.54
2023-05-17,4.92,3.58,3.57
2023-05-18,5.02,3.69,3.65
2023-05-19,5.02,3.76,3.7
2023-05-22,5.07,3.77,3.72
2023-05-23,5.06,3.76,3.7
2023-05-24,5.12,3.75,3.73
2023-05-25,5.24,3.9,3.83
2023-05-26,5.25,3.92,3.8
2023-05-29,,,
2023-05-30,5.22,3.81,3.69
2023-05-31,5.18,3.74,3.64
2023-06-01,5.11,3.7,3.61
2023-06-02,5.22,3.84,3.69
2023-06-05,5.17,3.82,3.69
2023-06-06,5.2,3.85,3.7
2023-06-07,5.16,3.93,3.79
2023-06-08,5.12,3.87,3.73
2023-06-09,5.17,3.92,3.75
2023-06-12,5.18,3.89,3.73
2023-06-13,5.26,4.01,3.84
2023-06-14,5.27,4.06,3.83
2023-06-15,5.21,3.91,3.72
2023-06-16,5.24,3.99,3.77
2023-06-19,,,
2023-06-20,5.24,3.96,3.74
2023-06-21,5.25,3.95,3.72
2023-06-22,5.29,4.03,3.8
2023-06-23,5.25,3.99,3.74
2023-06-26,5.27,3.96,3.72
2023-06-27,5.33,4.02,3.77
2023-06-28,5.32,3.97,3.71
2023-06-29,5.41,4.14,3.85
2023-06-30,5.4,4.13,3.81
2023-07-03,5.43,4.19,3.86
2023-07-04,,,
2023-07-05,5.4,4.25,3.95
2023-07-06,5.44,4.37,4.05
2023-07-07,5.41,4.35,4.06
2023-07-10,5.38,4.25,4.01
2023-07-11,5.44,4.24,3.99
2023-07-12,5.35,4.07,3.86
2023-07-13,5.27,3.93,3.76
2023-07-14,5.34,4.04,3.83
2023-07-17,5.33,4.02,3.81
2023-07-18,5.32,4.0,3.8
2023-07-19,5.32,3.98,3.75
2023-07-20,5.35,4.08,3.85
2023-07-21,5.35,4.09,3.84
2023-07-24,5.38,4.13,3.86
2023-07-25,5.38,4.15,3.91
2023-07-26,5.37,4.09,3.86
2023-07-27,5.4,4.24,4.01
2023-07-28,5.37,4.18,3.96
2023-07-31,5.37,4.18,3.97
2023-08-01,5.38,4.24,4.05
2023-08-02,5.36,4.24,4.08
2023-08-03,5.37,4.3,4.2
2023-08-04,5.33,4.15,4.05
2023-08-07,5.3,4.16,4.09
2023-08-08,5.35,4.1,4.02
2023-08-09,5.35,4.12,4.0
2023-08-10,5.33,4.21,4.09
2023-08-11,5.36,4.31,4.16
2023-08-14,5.37,4.36,4.19
2023-08-15,5.36,4.36,4.21
2023-08-16,5.37,4.42,4.28
2023-08-17,5.36,4.42,4.3
2023-08-18,5.35,4.38,4.26
2023-08-21,5.37,4.46,4.34
2023-08-22,5.39,4.49,4.34
2023-08-23,5.35,4.36,4.19
2023-08-24,5.39,4.39,4.23
2023-08-25,5.44,4.44,4.25
2023-08-28,5.44,4.38,4.2
2023-08-29,5.37,4.26,4.12
2023-08-30,5.39,4.27,4.12
2023-08-31,5.37,4.23,4.09
2023-09-01,5.36,4.29,4.18
2023-09-04,,,
2023-09-05,5.42,4.37,4.27
2023-09-06,5.44,4.44,4.3
2023-09-07,5.4,4.38,4.27
2023-09-08,5.42,4.39,4.26
2023-09-11,5.4,4.4,4.29
2023-09-12,5.42,4.41,4.27
2023-09-13,5.42,4.39,4.25
2023-09-14,5.42,4.42,4.29
2023-09-15,5.43,4.45,4.33
2023-09-18,5.44,4.46,4.32
2023-09-19,5.45,4.51,4.37
2023-09-20,5.47,4.52,4.35
2023-09-21,5.46,4.61,4.49
2023-09-22,5.46,4.57,4.44
2023-09-25,5.45,4.62,4.55
2023-09-26,5.45,4.62,4.56
2023-09-27,5.49,4.67,4.61
2023-09-28,5.46,4.62,4.59
2023-09-29,5.46,4.6,4.59
2023-10-02,5.49,4.72,4.69
2023-10-03,5.49,4.8,4.81
2023-10-04,5.42,4.72,4.73
2023-10-05,5.39,4.68,4.72
2023-10-06,5.43,4.75,4.78
2023-10-09,,,
2023-10-10,5.37,4.62,4.66
2023-10-11,5.38,4.59,4.58
2023-10-12,5.43,4.69,4.7
2023-10-13,5.41,4.65,4.63
2023-10-16,5.42,4.72,4.71
2023-10-17,5.48,4.86,4.83
2023-10-18,5.47,4.92,4.91
2023-10-19,5.44,4.95,4.98
2023-10-20,5.41,4.86,4.93
2023-10-23,5.42,4.81,4.86
2023-10-24,5.41,4.82,4.83
2023-10-25,5.43,4.89,4.95
2023-10-26,5.39,4.79,4.86
2023-10-27,5.39,4.76,4.84
2023-10-30,5.41,4.8,4.88
2023-10-31,5.44,4.82,4.88
2023-11-01,5.37,4.67,4.77
2023-11-02,5.38,4.65,4.67
2023-11-03,5.29,4.49,4.57
2023-11-06,5.33,4.6,4.67
2023-11-07,5.33,4.53,4.58
2023-11-08,5.34,4.51,4.49
2023-11-09,5.39,4.65,4.62
2023-11-10,5.38,4.65,4.61
2023-11-13,5.37,4.66,4.63
2023-11-14,5.24,4.42,4.44
2023-11-15,5.27,4.52,4.53
2023-11-16,5.23,4.43,4.45
2023-11-17,5.24,4.45,4.44
2023-11-20,5.25,4.44,4.42
2023-11-21,5.24,4.41,4.41
2023-11-22,5.26,4.44,4.42
2023-11-23,,,
2023-11-24,5.27,4.49,4.47
2023-11-27,5.24,4.38,4.39
2023-11-28,5.21,4.29,4.34
2023-11-29,5.12,4.22,4.27
2023-11-30,5.16,4.31,4.37
2023-12-01,5.05,4.14,4.22
2023-12-04,5.1,4.23,4.28
2023-12-05,5.06,4.14,4.18
2023-12-06,5.07,4.12,4.12
2023-12-07,5.05,4.11,4.14
2023-12-08,5.13,4.24,4.23
2023-12-11,5.14,4.25,4.23
2023-12-12,5.14,4.23,4.2
2023-12-13,4.94,4.0,4.04
2023-12-14,4.9,3.9,3.92
2023-12-15,4.95,3.91,3.91
2023-12-18,4.95,3.94,3.95
2023-12-19,4.93,3.94,3.93
2023-12-20,4.88,3.86,3.86
2023-12-21,4.84,3.87,3.89
2023-12-22,4.82,3.87,3.9
2023-12-25,,,
2023-12-26,4.83,3.89,3.89
2023-12-27,4.79,3.78,3.79
2023-12-28,4.82,3.83,3.84
2023-12-29,4.79,3.84,3.88
2024-01-01,,,
2024-01-02,4.8,3.93,3.95
2024-01-03,4.81,3.9,3.91
2024-01-04,4.85,3.97,3.99
2024-01-05,4.84,4.02,4.05
2024-01-08,4.82,3.97,4.01
2024-01-09,4.82,3.97,4.02
2024-01-10,4.82,3.99,4.04
2024-01-11,4.75,3.9,3.98
2024-01-12,4.65,3.84,3.96
2024-01-15,,,
2024-01-16,4.7,3.95,4.07
2024-01-17,4.8,4.02,4.1
2024-01-18,4.8,4.04,4.14
2024-01-19,4.84,4.08,4.15
2024-01-22,4.83,4.03,4.11
2024-01-23,4.81,4.06,4.14
2024-01-24,4.83,4.06,4.18
2024-01-25,4.76,4.01,4.14
2024-01-26,4.78,4.04,4.15
2024-01-29,4.76,3.97,4.08
2024-01-30,4.8,4.0,4.06
2024-01-31,4.73,3.91,3.99
2024-02-01,4.68,3.8,3.87
2024-02-02,4.81,3.99,4.03
2024-02-05,4.87,4.13,4.17
2024-02-06,4.82,4.03,4.09
2024-02-07,4.83,4.06,4.09
2024-02-08,4.83,4.12,4.15
2024-02-09,4.86,4.14,4.17
2024-02-12,4.87,4.13,4.17
2024-02-13,4.99,4.31,4.31
2024-02-14,4.94,4.25,4.27
2024-02-15,4.93,4.22,4.24
2024-02-16,4.98,4.29,4.3
2024-02-19,,,
2024-02-20,4.97,4.25,4.27
2024-02-21,4.98,4.3,4.32
2024-02-22,5.02,4.33,4.33
2024-02-23,5.0,4.28,4.26
2024-02-26,5.03,4.29,4.28
2024-02-27,5.03,4.32,4.31
2024-02-28,5.0,4.26,4.27
2024-02-29,5.01,4.26,4.25
2024-03-01,4.94,4.17,4.19
2024-03-04,4.98,4.21,4.22
2024-03-05,4.94,4.13,4.13
2024-03-06,4.95,4.12,4.11
2024-03-07,4.93,4.07,4.09
2024-03-08,4.92,4.06,4.09
2024-03-11,4.95,4.08,4.1
2024-03-12,5.0,4.15,4.16
2024-03-13,5.01,4.19,4.19
2024-03-14,5.04,4.29,4.29
2024-03-15,5.05,4.33,4.31
2024-03-18,5.06,4.36,4.34
2024-03-19,5.06,4.31,4.3
2024-03-20,5.01,4.25,4.27
2024-03-21,5.01,4.26,4.27
2024-03-22,4.98,4.2,4.22
2024-03-25,5.0,4.23,4.25
2024-03-26,5.0,4.22,4.24
2024-03-27,4.99,4.18,4.2
2024-03-28,5.03,4.21,4.2
2024-03-29,,,
2024-04-01,5.06,4.34,4.33
2024-04-02,5.05,4.35,4.36
2024-04-03,5.03,4.34,4.36
2024-04-04,5.0,4.3,4.31
2024-04-05,5.05,4.38,4.39
2024-04-08,5.07,4.43,4.42
2024-04-09,5.03,4.37,4.36
2024-04-10,5.19,4.61,4.55
2024-04-11,5.17,4.61,4.56
2024-04-12,5.13,4.54,4.5
2024-04-15,5.16,4.65,4.63
2024-04-16,5.18,4.69,4.67
2024-04-17,5.16,4.62,4.59
2024-04-18,5.18,4.68,4.64
2024-04-19,5.17,4.66,4.62
2024-04-22,5.16,4.66,4.62
2024-04-23,5.14,4.63,4.61
2024-04-24,5.17,4.64,4.65
2024-04-25,5.21,4.7,4.7
2024-04-26,5.21,4.68,4.67
2024-04-29,5.2,4.65,4.63
2024-04-30,5.25,4.72,4.69
2024-05-01,5.21,4.64,4.63
2024-05-02,5.16,4.57,4.58
2024-05-03,5.12,4.48,4.5
2024-05-06,5.12,4.48,4.49
2024-05-07,5.13,4.48,4.47
2024-05-08,5.13,4.5,4.48
2024-05-09,5.12,4.47,4.45
2024-05-10,5.17,4.52,4.5
2024-05-13,5.16,4.5,4.48
2024-05-14,5.16,4.46,4.45
2024-05-15,5.1,4.35,4.36
2024-05-16,5.13,4.4,4.38
2024-05-17,5.14,4.44,4.42
2024-05-20,5.15,4.46,4.44
2024-05-21,5.14,4.43,4.41
2024-05-22,5.16,4.47,4.43
2024-05-23,5.2,4.52,4.47
2024-05-24,5.21,4.53,4.46
2024-05-27,,,
2024-05-28,5.21,4.56,4.54
2024-05-29,5.22,4.63,4.61
2024-05-30,5.19,4.57,4.55
2024-05-31,5.18,4.52,4.51
2024-06-03,5.14,4.42,4.41
2024-06-04,5.11,4.35,4.33
2024-06-05,5.08,4.31,4.29
2024-06-06,5.08,4.29,4.28
2024-06-07,5.17,4.46,4.43
2024-06-10,5.16,4.48,4.47
2024-06-11,5.17,4.41,4.39
2024-06-12,5.13,4.32,4.31
2024-06-13,5.07,4.24,4.24
2024-06-14,5.07,4.22,4.2
2024-06-17,5.11,4.3,4.28
2024-06-18,5.09,4.24,4.22
2024-06-19,,,
2024-06-20,5.1,4.26,4.25
2024-06-21,5.1,4.26,4.25
2024-06-24,5.1,4.27,4.25
2024-06-25,5.1,4.25,4.23
2024-06-26,5.13,4.32,4.32
2024-06-27,5.1,4.29,4.29
2024-06-28,5.09,4.33,4.36
2024-07-01,5.1,4.44,4.48
2024-07-02,5.07,4.39,4.43
2024-07-03,5.04,4.33,4.36
2024-07-04,,,
2024-07-05,4.98,4.22,4.28
2024-07-08,4.99,4.23,4.28
2024-07-09,5.02,4.24,4.3
2024-07-10,5.01,4.24,4.28
2024-07-11,4.91,4.13,4.2
2024-07-12,4.87,4.1,4.18
2024-07-15,4.85,4.13,4.23
2024-07-16,4.85,4.09,4.17
2024-07-17,4.85,4.07,4.16
2024-07-18,4.86,4.11,4.2
2024-07-19,4.87,4.16,4.25
2024-07-22,4.88,4.17,4.26
2024-07-23,4.85,4.15,4.25
2024-07-24,4.82,4.12,4.28
2024-07-25,4.83,4.13,4.27
2024-07-26,4.79,4.06,4.2
2024-07-29,4.79,4.05,4.17
2024-07-30,4.78,4.03,4.15
2024-07-31,4.73,3.97,4.09
2024-08-01,4.62,3.84,3.99
2024-08-02,4.33,3.62,3.8
2024-08-05,4.34,3.62,3.78
2024-08-06,4.46,3.73,3.9
2024-08-07,4.45,3.79,3.96
2024-08-08,4.48,3.83,3.99
2024-08-09,4.5,3.8,3.94
2024-08-12,4.47,3.75,3.9
2024-08-13,4.4,3.68,3.85
2024-08-14,4.42,3.67,3.83
2024-08-15,4.52,3.79,3.92
2024-08-16,4.49,3.77,3.89
2024-08-19,4.48,3.75,3.86
2024-08-20,4.43,3.7,3.82
2024-08-21,4.36,3.64,3.79
2024-08-22,4.43,3.72,3.86
2024-08-23,4.36,3.65,3.81
2024-08-26,4.38,3.66,3.82
2024-08-27,4.34,3.66,3.83
2024-08-28,4.36,3.63,3.84
2024-08-29,4.38,3.66,3.87
2024-08-30,4.38,3.71,3.91
2024-09-02,,,
2024-09-03,4.35,3.65,3.84
2024-09-04,4.23,3.56,3.77
2024-09-05,4.21,3.54,3.73
2024-09-06,4.1,3.5,3.72
2024-09-09,4.12,3.49,3.7
2024-09-10,4.07,3.43,3.65
2024-09-11,4.12,3.45,3.65
2024-09-12,4.09,3.47,3.68
2024-09-13,4.0,3.43,3.66
2024-09-16,3.96,3.41,3.63
2024-09-17,3.99,3.44,3.65
2024-09-18,3.95,3.47,3.7
2024-09-19,3.93,3.49,3.73
2024-09-20,3.92,3.48,3.73
2024-09-23,3.91,3.51,3.75
2024-09-24,3.88,3.47,3.74
2024-09-25,3.89,3.52,3.79
2024-09-26,3.96,3.55,3.79
2024-09-27,3.9,3.5,3.75
2024-09-30,3.98,3.58,3.81
2024-10-01,3.96,3.51,3.74
2024-10-02,3.97,3.55,3.79
2024-10-03,4.02,3.62,3.85
2024-10-04,4.2,3.81,3.98
2024-10-07,4.24,3.86,4.03
2024-10-08,4.21,3.86,4.04
2024-10-09,4.24,3.91,4.06
2024-10-10,4.22,3.91,4.09
2024-10-11,4.18,3.88,4.08
2024-10-14,,,
2024-10-15,4.18,3.86,4.03
2024-10-16,4.17,3.84,4.02
2024-10-17,4.21,3.9,4.09
2024-10-18,4.19,3.88,4.08
2024-10-21,4.24,3.98,4.19
2024-10-22,4.24,4.0,4.2
2024-10-23,4.27,4.05,4.24
2024-10-24,4.25,4.03,4.21
2024-10-25,4.29,4.07,4.25
2024-10-28,4.28,4.11,4.28
2024-10-29,4.29,4.11,4.28
2024-10-30,4.28,4.14,4.29
2024-10-31,4.27,4.15,4.28
2024-11-01,4.28,4.22,4.37
2024-11-04,4.25,4.17,4.31
2024-11-05,4.27,4.16,4.26
2024-11-06,4.31,4.27,4.42
2024-11-07,4.28,4.17,4.31
2024-11-08,4.32,4.2,4.3
2024-11-11,,,
2024-11-12,4.38,4.32,4.43
2024-11-13,4.31,4.3,4.44
2024-11-14,4.36,4.32,4.43
2024-11-15,4.34,4.3,4.43
2024-11-18,4.33,4.28,4.42
2024-11-19,4.34,4.25,4.39
2024-11-20,4.37,4.28,4.41
2024-11-21,4.39,4.3,4.43
2024-11-22,4.42,4.3,4.41
2024-11-25,4.37,4.17,4.27
2024-11-26,4.37,4.17,4.3
2024-11-27,4.34,4.11,4.25
2024-11-28,,,
2024-11-29,4.3,4.05,4.18
2024-12-02,4.3,4.08,4.19
2024-12-03,4.27,4.11,4.23
2024-12-04,4.23,4.07,4.19
2024-12-05,4.23,4.07,4.17
2024-12-06,4.19,4.03,4.15
2024-12-09,4.2,4.07,4.2
2024-12-10,4.22,4.09,4.22
2024-12-11,4.21,4.13,4.26
2024-12-12,4.22,4.18,4.32
2024-12-13,4.24,4.25,4.4
2024-12-16,4.24,4.25,4.39
2024-12-17,4.25,4.26,4.4
2024-12-18,4.3,4.4,4.5
2024-12-19,4.28,4.43,4.57
2024-12-20,4.27,4.37,4.52
2024-12-23,4.26,4.44,4.59
2024-12-24,4.24,4.43,4.59
2024-12-25,,,
2024-12-26,4.23,4.42,4.58
2024-12-27,4.2,4.45,4.62
2024-12-30,4.17,4.37,4.55
2024-12-31,4.16,4.38,4.58
